{
  "deploy_and_harm_lt0_rate": 0.007,
  "deploy_and_harm_lt_0p01_rate": 0.0,
  "deploy_only_mean_delta": 0.0250559340458175,
  "deploy_only_mean_delta_ci95_high": 0.02816922142389389,
  "deploy_only_mean_delta_ci95_low": 0.021995065216330743,
  "deploy_only_median_delta": 0.018586975368298814,
  "deploy_rate": 0.192,
  "deploy_rate_ci95_high": 0.217,
  "deploy_rate_ci95_low": 0.168,
  "harm_rate_given_deploy_lt0": 0.036458333333333336,
  "harm_rate_given_deploy_lt0_ci95_high": 0.0625,
  "harm_rate_given_deploy_lt0_ci95_low": 0.010416666666666666,
  "harm_rate_given_deploy_lt_0p01": 0.0,
  "harm_rate_given_deploy_lt_0p01_ci95_high": 0.0,
  "harm_rate_given_deploy_lt_0p01_ci95_low": 0.0,
  "harm_rate_lt0": 0.007,
  "harm_rate_lt0_ci95_high": 0.013,
  "harm_rate_lt0_ci95_low": 0.002,
  "harm_rate_lt_0p01": 0.0,
  "harm_rate_lt_0p01_ci95_high": 0.0,
  "harm_rate_lt_0p01_ci95_low": 0.0,
  "max_delta": 0.11330304404704314,
  "mean_delta": 0.00481073933679696,
  "mean_delta_ci95_high": 0.005677288481018766,
  "mean_delta_ci95_low": 0.003992987070184978,
  "mean_real_only_test_primary": 0.291525489631221,
  "mean_test_primary": 0.296336228968018,
  "median_delta": 0.0,
  "metric": "macro_auprc",
  "min_delta": -0.006095274144813562,
  "n_deploy": 192,
  "n_nonfinite_delta": 0,
  "n_reports": 1000,
  "policy_manifest_sha256": "1170d044a59e4c26da0b21433d06e240c04c67ca3fc320857de7382153335e12",
  "summary_resampling_n_boot": 8000
}