{
  "deploy_and_harm_lt0_rate": 0.545,
  "deploy_and_harm_lt_0p01_rate": 0.271,
  "deploy_only_mean_delta": -0.001992385867505763,
  "deploy_only_mean_delta_ci95_high": -0.0007762334772802416,
  "deploy_only_mean_delta_ci95_low": -0.0032018770390381153,
  "deploy_only_median_delta": -0.0016343822042368533,
  "deploy_rate": 1.0,
  "deploy_rate_ci95_high": 1.0,
  "deploy_rate_ci95_low": 1.0,
  "harm_rate_given_deploy_lt0": 0.545,
  "harm_rate_given_deploy_lt0_ci95_high": 0.576,
  "harm_rate_given_deploy_lt0_ci95_low": 0.5149750000000001,
  "harm_rate_given_deploy_lt_0p01": 0.271,
  "harm_rate_given_deploy_lt_0p01_ci95_high": 0.299,
  "harm_rate_given_deploy_lt_0p01_ci95_low": 0.243,
  "harm_rate_lt0": 0.545,
  "harm_rate_lt0_ci95_high": 0.575,
  "harm_rate_lt0_ci95_low": 0.514,
  "harm_rate_lt_0p01": 0.271,
  "harm_rate_lt_0p01_ci95_high": 0.299,
  "harm_rate_lt_0p01_ci95_low": 0.244,
  "max_delta": 0.10934961986924285,
  "mean_delta": -0.001992385867505763,
  "mean_delta_ci95_high": -0.0007718201555329648,
  "mean_delta_ci95_low": -0.0032103449225539186,
  "mean_real_only_test_primary": 0.2877519201510555,
  "mean_test_primary": 0.2857595342835497,
  "median_delta": -0.0016343822042368533,
  "metric": "macro_auprc",
  "min_delta": -0.09872450925570392,
  "n_deploy": 1000,
  "n_nonfinite_delta": 0,
  "n_reports": 1000,
  "policy_manifest_sha256": "1170d044a59e4c26da0b21433d06e240c04c67ca3fc320857de7382153335e12",
  "summary_resampling_n_boot": 8000
}