{
  "deploy_and_harm_lt0_rate": 0.135,
  "deploy_and_harm_lt_0p01_rate": 0.034,
  "deploy_only_mean_delta": 0.012046189288577461,
  "deploy_only_mean_delta_ci95_high": 0.013595138602130219,
  "deploy_only_mean_delta_ci95_low": 0.01054441002315547,
  "deploy_only_median_delta": 0.008575002196211878,
  "deploy_rate": 0.597,
  "deploy_rate_ci95_high": 0.627,
  "deploy_rate_ci95_low": 0.566,
  "harm_rate_given_deploy_lt0": 0.22613065326633167,
  "harm_rate_given_deploy_lt0_ci95_high": 0.25963149078726966,
  "harm_rate_given_deploy_lt0_ci95_low": 0.19262981574539365,
  "harm_rate_given_deploy_lt_0p01": 0.05695142378559464,
  "harm_rate_given_deploy_lt_0p01_ci95_high": 0.07537688442211055,
  "harm_rate_given_deploy_lt_0p01_ci95_low": 0.038525963149078725,
  "harm_rate_lt0": 0.135,
  "harm_rate_lt0_ci95_high": 0.156,
  "harm_rate_lt0_ci95_low": 0.114,
  "harm_rate_lt_0p01": 0.034,
  "harm_rate_lt_0p01_ci95_high": 0.046,
  "harm_rate_lt_0p01_ci95_low": 0.023,
  "max_delta": 0.11982730025447924,
  "mean_delta": 0.007191575005280745,
  "mean_delta_ci95_high": 0.008189397161136935,
  "mean_delta_ci95_low": 0.006217912159761914,
  "mean_real_only_test_primary": 0.2906689104335908,
  "mean_test_primary": 0.2978604854388716,
  "median_delta": 0.0,
  "metric": "macro_auprc",
  "min_delta": -0.035197991447299015,
  "n_deploy": 597,
  "n_nonfinite_delta": 0,
  "n_reports": 1000,
  "policy_manifest_sha256": "1170d044a59e4c26da0b21433d06e240c04c67ca3fc320857de7382153335e12",
  "summary_resampling_n_boot": 8000
}